clause_type,v_pred,hb_score,text
Irrevocable Or Perpetual License,License Grant,0.8256,"In exchange for the Share Consideration, Licensor hereby grants to Licensee a non-exclusive, royalty-free, perpetual and non-perpetual license (subject to the duration and scope, and format limitations for which Licensor has the rights to each Title as specified in Schedule A1-A6 of Schedule A) to:

i. license, exhibit, distribute, reproduce, transmit, perform, display, and otherwise exploit and make available each Title within the Territory in any language by VOD (including SVOD, TVOD, AVOD and free VOD) for Internet, TV and mobile platforms (including, but not limited to, OTT streaming services, Sites and Mobile Sites), subject to these limitations for each of the Title in Schedule A1-A6:

1) For Titles listed in Schedule A1-A2:

Licensor can only grant Licensee distribution rights to up to six (6) MSOs plus two (2) of China's Internet TV license holders or their OTT Internet-based video partners by VOD (including SVOD, TVOD, AVOD and free VOD). China's current Internet TV license holders include: CNTV (中国网络电视台/未来电视), BesTV (百视通), Wasu (华数), Southern Media Cooperation (南方传媒), Hunan TV (芒果 TV), China National Radio/Galaxy Internet TV (GITV) (银河电视), and China Radio International (中国国际 广播电台);<omitted>2) For Titles listed in Schedule A3:

For ""天下女人"": No satellite TV broadcasting rights granted. Titles other than ""猜 猜女人心"", ""赏深越慕"" ,  ""职场新女性挑战行动"", "" 杨澜访谈录""  (自第192期及以后的节 目),""人生相对论 "", "" 天下女人"", and ""正青春"" cannot be edited in any way;

3) For Titles listed in Schedule A4:

Other than the versions (dubbed or translated) in which the Titles in Schedule A4 already exist in (and were delivered in), no further dubbing, translation, or editing may be performed by any party on Schedule A4's Titles.

4) For Titles listed in Schedule A5 (except ""Summer in February""):

Limitations on Rights Granted: the following distribution methods are permitted: non-theatrical, public video, ship and hotel rights (all not earlier than the US theatrical release); home video rental, home video sell through, and commercial video rights (all not earlier than the US video release); cable TV (pay & free), terrestrial TV (pay & free), satellite pay TV; internet TV (pay & free), residential and non-residential pay-per-view, residential and non-residential internet pay-per-view, VOD, near VOD, and internet VOD (all no earlier than the corresponding exploitation in the USA). | Sections 2(a) [License Grant], 2(b) [Sublicensing], 2(c) [Display of Titles], 2(d) [Removal of Titles], 3, and 11 shall survive the expiration or termination of this Agreement: (i) in perpetuity with respect to Titles for which the licenses granted in Section 2(a) [License Grant] are perpetual; and (ii) for the duration of the applicable license term specified in Schedule A with respect to Titles for which the license term specified in Schedule A extends beyond the expiration or termination of this Agreement."
Irrevocable Or Perpetual License,License Grant,0.9334,"Subject to the terms and conditions of this Agreement, as of the Distribution Date, Nuance hereby grants to SpinCo and the members of the SpinCo Group a worldwide, non-exclusive, fully paid-up, perpetual and irrevocable, transferable (subject to ARTICLE VIII), sublicensable (subject to Section 3.01(g)) license under the Nuance Patents, solely to the extent that claims of the Nuance Patents cover products or services of the SpinCo Business in the SpinCo Field of Use, together with natural extensions and evolutions thereof, in each case to make, have made, use, sell, offer for sale, import and otherwise exploit such products and services, together with natural extensions and evolutions thereof. | Subject to the terms and conditions of this Agreement, as of the Distribution Date, Nuance hereby grants to SpinCo and the members of the SpinCo Group a worldwide, non-exclusive, fully paid-up, perpetual and irrevocable, transferable (subject to ARTICLE VIII), sublicensable (subject to Section 3.01(g)) license to continue to use any Nuance IP (other than Nuance Patents, Nuance Technology Assets, Nuance Trademarks and Nuance Data), in each case solely as and to the extent that it is used by the SpinCo Group in connection with products and services of the SpinCo Business within the SpinCo Field of Use, together with natural extensions and evolutions thereof. | Subject to the terms and conditions of this Agreement, as of the Distribution Date, Nuance hereby grants to SpinCo and the members of the SpinCo Group a worldwide, non-exclusive, fully paid-up, perpetual and irrevocable, transferable (subject to ARTICLE VIII), sublicensable (subject to Section 3.01(g)) license to install, access, use, reproduce, perform, display, modify (including the right to create improvements and derivative works), further develop, sell, manufacture, distribute and market products and services based on, using or incorporating the Nuance Shared Technology Assets within the SpinCo Field of Use, together with natural extensions and evolutions thereof. | Subject to the terms and conditions of this Agreement, as of the Distribution Date, SpinCo hereby grants to Nuance and the members of the Nuance Group a worldwide, non-exclusive, fully paid-up, perpetual and irrevocable, transferable (subject to ARTICLE VIII), sublicensable (subject to Section 4.01(g)) license under the SpinCo Patents, solely to the extent that claims of the SpinCo Patents cover products or services of the Nuance Business in the Nuance Field of Use, together with natural extensions and evolutions thereof, in each case to make, have made use, sell, offer for sale, import and otherwise exploit such products and services, together with natural extensions and evolutions thereof. | Subject to the terms and conditions of this Agreement, as of the Distribution Date, SpinCo hereby grants to Nuance and the members of the Nuance Group a worldwide, non-exclusive, fully paid-up, perpetual and irrevocable, transferable (subject to ARTICLE VIII), sublicensable (subject to Section 4.01(g)) license to continue to use any SpinCo IP (other than SpinCo Patents, SpinCo Technology Assets, SpinCo Trademarks, SpinCo Domain Names and SpinCo Data), in each case solely as and to the extent that it is used by the Nuance Group in connection with products and services of the Nuance Business within the Nuance Field of Use, together with natural extensions and evolutions thereof. | Subject to the terms and conditions of this Agreement, as of the Distribution Date, SpinCo hereby grants to Nuance and the members of the Nuance Group a worldwide, non-exclusive, fully paid-up, perpetual and irrevocable, transferable (subject to ARTICLE VIII), sublicensable (subject to Section 4.01(g)) license to install, access, use, reproduce, perform, display, modify (including the right to create improvements and derivative works), further develop, sell, manufacture, distribute and market products and services based on, using or incorporating the SpinCo Shared Technology Assets within the Nuance Field of Use, together with natural extensions and evolutions thereof."
Anti-Assignment,,0.7604,"No Party or any member of its Group may assign or grant a license in or to any of its Intellectual Property Rights licensed to the other Party or any member of its Group pursuant to ARTICLE III or ARTICLE IV, unless such assignment or grant is subject to the licenses, covenants and restrictions set forth herein. | Except as expressly set forth in this Agreement, neither this Agreement nor any of the rights, interests or obligations under this Agreement, including the licenses granted pursuant to this Agreement, shall be assigned, in whole or in part, by operation of Law or otherwise by either Party without the prior written consent of the other Party. | Without limiting ARTICLE VIII, the license granted to the SpinCo Group in Section 3.03(a) shall automatically terminate in the event (i) that any member of the SpinCo Group assigns, transfers, licenses or otherwise conveys any rights in or to the Honeywell Content to any third party or (ii) of (x) the sale of all or substantially all of the ownership interests<omitted>in, or the assets of, any member of the SpinCo Group in a single transaction or a series of related transactions to one or more third parties, (y) any direct or indirect acquisition, consolidation or merger of any member of the SpinCo Group by, with or into any third party or (z) any spin-off, public offering or other corporate reorganization or single transaction or series of related transactions in which direct or indirect control of any member of the SpinCo Group is transferred to one or more third parties, including by transferring an excess of fifty percent (50%) of such member of the SpinCo Group's voting power, shares or equity, through a merger, consolidation, tender offer or similar transaction to one or more third parties"
Irrevocable Or Perpetual License,Affiliate License-Licensee,0.8589,"Hence, as of the Distribution Date, Honeywell hereby grants, and agrees to cause the members of the Honeywell Group to hereby grant, to SpinCo and the members of the SpinCo Group a non-exclusive, royalty-free, fully-paid, perpetual, sublicenseable (solely to Subsidiaries and suppliers for ""have-made"" purposes), worldwide license to use and exercise rights under the Honeywell Shared IP (excluding Trademarks, the Honeywell Content and the subject matter of any other Ancillary Agreement), said license being limited to use of a similar type, scope and extent as used in the SpinCo Business prior to the Distribution Date and the natural growth and development thereof. | Hence, as of the Distribution Date, SpinCo hereby grants, and agrees to cause the members of the SpinCo Group to hereby grant, to Honeywell and the members of the Honeywell Group a non-exclusive, royalty-free, fully-paid, perpetual, sublicenseable (solely to Subsidiaries and suppliers for ""have made"" purposes), worldwide license to use and exercise rights under the SpinCo Shared IP (excluding Trademarks and the subject matter of any other Ancillary Agreement), said license being limited to use of a similar type, scope and extent as used in the Honeywell Business prior to the Distribution Date and the natural growth and development thereof."
Irrevocable Or Perpetual License,Affiliate License-Licensee,0.7648,"Company grants to Investor, for the duration of the Option Period, a worldwide, royalty-free, non-exclusive, irrevocable license (with the right to grant sublicenses to Affiliates) under the Patents to practice the methods therein described and claimed and to make and have made, use, offer to sell, sell and import products made using such methods, and to make Improvements, and to engage in any activity which would give rise to a claim of infringement (direct or indirect or otherwise) of one or more of the Patents in the absence of a license. | Investor hereby agrees to grant to Company a non-exclusive, irrevocable, royalty-free license under any Investor Improvement and any patent claiming such Investor Improvement, solely for use in rare earth mineral processing and rare earth separation, to make and have made, use, offer to sell, sell and import products made using the Investor Improvements. | Investor hereby agrees to grant to Company a non-exclusive, irrevocable, royalty-free license under any Joint Improvement and any patent claiming such Joint Improvement solely for use in rare earth mineral processing and rare earth separation. | Company further grants to Investor, during the duration of the Option Period, a worldwide, royalty-free, non-exclusive, irrevocable license (with the right to grant sublicenses to Affiliates) to use the Technical Information to practice the methods described and claimed in the Patents and to make and have made, use, offer to sell, sell and import products made using the methods, and to make Improvements, and to engage in any activity which would give rise to a claim of infringement (direct or indirect or otherwise) of one or more of the Patents in the absence of a license. | If the Option is exercised before the expiration of the Option Period, the license grants set forth in Articles 3.00 and 3.01 will become exclusive to Investor for a perpetual term, shall not be subject to a licensing fee, the granted licenses in favor of the Investor shall be deemed fully paid-up, and the rights granted to Investor under Articles 3.00 and 3.01 shall include the right to grant sublicenses to Third Parties."
Irrevocable Or Perpetual License,License Grant,0.8867,"Vendor hereby grants and promises to grant and have granted to AT&T and its Affiliates a royalty-free, nonexclusive, sublicensable, assignable, transferable, irrevocable, perpetual, world- wide license in and to any applicable Intellectual Property Rights of Vendor to use, copy, modify, distribute, display, perform, import, make, sell, offer to sell, and exploit (and have others do any of the foregoing on or for AT&T's or any of its customers' behalf or benefit) any Intellectual Property Rights of Vendor or any third party that are not included in Material or Paid-For Development but necessary to operate the Cell Sites or receive the full benefit of the Work."
Non-Compete,Exclusivity,0.9508,"Throughout the Term and for a period of six (6) months after the expiration or termination of this Agreement, neither XSPA nor any of its affiliates shall, directly or indirectly, sell, offer for sale, market or promote any digital meditation or digital sleep products (other than the Products), including online or in any Store in the Territory, without the express prior written consent of Calm. | Throughout the Term and for a period of six (6) months after the expiration or termination of this Agreement, neither Calm nor any of its affiliates shall, directly or indirectly, sell, offer for sale, market or promote any digital meditation or digital sleep products in any retail location located in an airport other than in collaboration with XSPA, without the express prior written consent of XSPA."
Non-Compete,Competitive Restriction Exception,1.0,"During the Term, MMT shall not Commercialize in any manner any Competing Product in the Field in any country in the Territory; provided, however, the Parties hereby acknowledge that the restrictions set forth in this Section 2.3 shall not apply to any Affiliates of MMT (including Pfizer)."
Liquidated Damages,Termination For Convenience,1.0,"In addition, CHT may terminate this Agreement and the rights granted hereunder, in whole or in part, and without prejudice to enforcement of any other legal right or remedy (including any express termination right set forth elsewhere in this Agreement), at any time without cause, by providing at least thirty (30) Business Days prior written notice to Ehave, but subject to payment of a termination fee equal to an amount set out in Schedule 6."
Uncapped Liability,Cap On Liability,1.0,"EXCEPTING ONLY CLAIMS MADE PURSUANT TO SECTION 12.1, IN NO EVENT WILL EITHER PARTY BE LIABLE FOR ANY INDIRECT, SPECIAL, INCIDENTAL, EXEMPLARY, PUNITIVE OR CONSEQUENTIAL DAMAGES OF ANY KIND, INCLUDING ANY LOST PROFITS, LOST REVENUES OR LOST SAVINGS, ARISING OUT OF OR IN CONNECTION WITH THIS AGREEMENT AND/OR THE PRODUCTS, WHETHER IN CONTRACT, TORT, STRICT LIABILITY OR OTHERWISE, EVEN IF THE PARTY HAS BEEN ADVISED, KNOWS OR SHOULD KNOW, OR IS OTHERWISE AWARE OF THE POSSIBILITY OF SUCH DAMAGES."
Irrevocable Or Perpetual License,Competitive Restriction Exception,1.0,The Manufacturer grants exclusive rights to the Customer for the term of ten (10) years from the date of the signing of this agreement and for an indefinite period upon the customer fulfilling the minimum annual purchase requirement as listed in Schedule B. of this agreement.
Uncapped Liability,Cap On Liability,1.0,"EXCEPT WITH RESPECT TO LICENSEE'S INDEMNIFICATION OBLIGATIONS UNDER SECTION 7, NEITHER PARTY WILL BE LIABLE TO THE OTHER PARTY FOR SPECIAL, INDIRECT, CONSEQUENTIAL, EXEMPLARY, PUNITIVE OR INCIDENTAL DAMAGES (INCLUDING LOST PROFITS OR GOODWILL, BUSINESS<omitted>INTERRUPTION AND THE LIKE) RELATING TO THIS AGREEMENT, EVEN IF IT HAS BEEN ADVISED OF THE POSSIBILITY OF SUCH DAMAGES."
Uncapped Liability,Cap On Liability,1.0,"EXCEPT IN THE EVENT OF A BREACH OF SECTION 11, NEITHER PARTY SHALL BE LIABLE FOR SPECIAL, INCIDENTAL OR CONSEQUENTIAL DAMAGES OR LOST PROFITS (HOWEVER ARISING, INCLUDING NEGLIGENCE) ARISING OUT OF OR IN CONNECTION WITH THIS AGREEMENT, EVEN IF THE PARTIES ARE AWARE OF THE POSSIBILITY OF SUCH DAMAGES."
Uncapped Liability,Cap On Liability,0.9329,"EXCEPT WITH RESPECT TO THE INDEMNITY OBLIGATIONS IN SECTION 14, THE CONFIDENTIALITY OBLIGATIONS UNDER SECTION 16, AND THE YEAR 2000 COMPLIANCE OBLIGATIONS UNDER SECTION 20, NOTWITHSTANDING ANYTHING TO THE CONTRARY CONTAINED IN THIS AGREEMENT, UNDER NO CIRCUMSTANCES SHALL EITHER PARTY BE LIABLE TO THE OTHER PARTY WITH RESPECT TO THE SUBJECT MATTER OF THIS AGREEMENT UNDER ANY CONTRACT, NEGLIGENCE,

                                                                              10

STRICT LIABILITY, TORT OR OTHER LEGAL OR EQUITABLE THEORY FOR ANY INDIRECT, INCIDENTAL, CONSEQUENTIAL, SPECIAL OR EXEMPLARY DAMAGES (INCLUDING, WITHOUT LIMITATION, LOSS OF REVENUE OR GOODWILL OR ANTICIPATED PROFITS OR LOST BUSINESS), EVEN IF SUCH PARTY HAS BEEN ADVISED OF THE POSSIBILITY OF SUCH DAMAGES."
Covenant Not To Sue,Non-Disparagement,0.8858,"NCM shall not engage in any conduct  which may place Network Affiliate or any Network Affiliate Mark in a negative light or context, and shall not represent that it owns or has any  interest in any Network Affiliate Mark other than as expressly granted herein, nor shall it contest or assist others in contesting the title or any  rights of Network Affiliate (or any other owner) in and to any Network Affiliate Mark. | Network Affiliate shall not engage in any conduct which  may place NCM or any NCM Mark in a negative light or context, and shall not represent that it owns or has any interest in any NCM Mark other  than as expressly granted herein, nor shall it contest or assist others in contesting the title or any rights of NCM (or any other owner) in and to any  NCM Mark. | Neither party will at any time, except to the extent necessary to assert or defend its rights under this Agreement: (i) challenge  or otherwise do anything inconsistent with the other party's right, title or interest in its property, (ii) do or cause to be done or omit to do anything,  the doing, causing or omitting of which would contest or in any way impair or tend to impair the rights of the other party in its property, or (iii)  assist or cause any person or entity to do any of the foregoing."
